y,y_norm,u,u_norm
0.0125,0.0125,-0.0240297,-0.0240297
0.0375,0.0375,-0.0661655,-0.0661655
0.0625,0.0625,-0.104988,-0.104988
0.0875,0.0875,-0.142897,-0.142897
0.1125,0.1125,-0.181207,-0.181207
0.1375,0.1375,-0.219446,-0.219446
0.1625,0.1625,-0.255366,-0.255366
0.1875,0.1875,-0.285653,-0.285653
0.2125,0.2125,-0.306936,-0.306936
0.2375,0.2375,-0.316803,-0.316803
0.2625,0.2625,-0.314562,-0.314562
0.2875,0.2875,-0.301468,-0.301468
0.3125,0.3125,-0.280252,-0.280252
0.3375,0.3375,-0.254185,-0.254185
0.3625,0.3625,-0.226147,-0.226147
0.3875,0.3875,-0.198101,-0.198101
0.4125,0.4125,-0.171027,-0.171027
0.4375,0.4375,-0.145156,-0.145156
0.4625,0.4625,-0.120283,-0.120283
0.4875,0.4875,-0.0960327,-0.0960327
0.5125,0.5125,-0.0720244,-0.0720244
0.5375,0.5375,-0.0479469,-0.0479469
0.5625,0.5625,-0.0235708,-0.0235708
0.5875,0.5875,0.00126672,0.00126672
0.6125,0.6125,0.0266811,0.0266811
0.6375,0.6375,0.0527508,0.0527508
0.6625,0.6625,0.079512,0.079512
0.6875,0.6875,0.106939,0.106939
0.7125,0.7125,0.134915,0.134915
0.7375,0.7375,0.163195,0.163195
0.7625,0.7625,0.191381,0.191381
0.7875,0.7875,0.218914,0.218914
0.8125,0.8125,0.245087,0.245087
0.8375,0.8375,0.269104,0.269104
0.8625,0.8625,0.290312,0.290312
0.8875,0.8875,0.30937,0.30937
0.9125,0.9125,0.33319,0.33319
0.9375,0.9375,0.387667,0.387667
0.9625,0.9625,0.529252,0.529252
0.9875,0.9875,0.814709,0.814709
