suite,N,error_linf
Laplace_uniform,8,2.427639e-01
Laplace_uniform,16,6.272744e-02
Laplace_uniform,32,1.581109e-02
Laplace_uniform,64,3.960881e-03
Gradient_dpx,8,1.976037e-02
Gradient_dpy,8,1.976037e-02
Gradient_dpx,16,5.019874e-03
Gradient_dpy,16,5.019874e-03
Gradient_dpx,32,1.259977e-03
Gradient_dpy,32,1.259977e-03
Gradient_dpx,64,3.153077e-04
Gradient_dpy,64,3.153077e-04
Divergence,8,2.904146e-01
Divergence,16,7.866088e-02
Divergence,32,2.005531e-02
Divergence,64,5.038391e-03
Diffusion_U,8,1.237600e-01
Diffusion_U,16,3.151548e-02
Diffusion_U,32,7.915080e-03
Diffusion_U,64,1.981037e-03
DGL_identity,8,1.776357e-14
DGL_identity,16,1.705303e-13
DGL_identity,32,9.059420e-13
DGL_identity,64,3.641532e-12
Diffusion_V,8,1.237600e-01
Diffusion_V,16,3.151548e-02
Diffusion_V,32,7.915080e-03
Diffusion_V,64,1.981037e-03
Diffusion_linear_BC,8,0.000000e+00
Diffusion_linear_BC,16,0.000000e+00
Diffusion_linear_BC,32,0.000000e+00
Diffusion_linear_BC,64,0.000000e+00
Adjoint_GD,8,0.000000e+00
Adjoint_GD,16,1.136868e-13
Adjoint_GD,32,3.865352e-12
Adjoint_GD,64,2.773959e-11
SPD_symmetry,8,1.110223e-16
SPD_symmetry,16,4.440892e-15
SPD_symmetry,32,2.220446e-16
SPD_symmetry,64,2.042810e-14
Laplace_stretched,8,7.005070e+00
Laplace_stretched,16,2.951270e+00
Laplace_stretched,32,1.327780e+00
Laplace_stretched,64,6.285124e-01
