x,x_norm,v,v_norm
0.0162584,0.0162584,0.059108,0.059108
0.0484728,0.0484728,0.138521,0.138521
0.0800925,0.0800925,0.188784,0.188784
0.111137,0.111137,0.221172,0.221172
0.141626,0.141626,0.243534,0.243534
0.171579,0.171579,0.259547,0.259547
0.201014,0.201014,0.270011,0.270011
0.229949,0.229949,0.274526,0.274526
0.258404,0.258404,0.272604,0.272604
0.286394,0.286394,0.264154,0.264154
0.313939,0.313939,0.249585,0.249585
0.341055,0.341055,0.229736,0.229736
0.367758,0.367758,0.205719,0.205719
0.394067,0.394067,0.178735,0.178735
0.419997,0.419997,0.14991,0.14991
0.445565,0.445565,0.12018,0.12018
0.470786,0.470786,0.0902385,0.0902385
0.495676,0.495676,0.0605341,0.0605341
0.520251,0.520251,0.0313062,0.0313062
0.544526,0.544526,0.00262804,0.00262804
0.568516,0.568516,-0.0255537,-0.0255537
0.592237,0.592237,-0.0533936,-0.0533936
0.615703,0.615703,-0.0811401,-0.0811401
0.638929,0.638929,-0.109142,-0.109142
0.661929,0.661929,-0.137857,-0.137857
0.684717,0.684717,-0.167848,-0.167848
0.707309,0.707309,-0.199725,-0.199725
0.729718,0.729718,-0.23401,-0.23401
0.751958,0.751958,-0.270866,-0.270866
0.774042,0.774042,-0.309685,-0.309685
0.795986,0.795986,-0.348555,-0.348555
0.817802,0.817802,-0.383746,-0.383746
0.839504,0.839504,-0.409483,-0.409483
0.861106,0.861106,-0.418429,-0.418429
0.882621,0.882621,-0.403311,-0.403311
0.904062,0.904062,-0.359779,-0.359779
0.925444,0.925444,-0.289621,-0.289621
0.946779,0.946779,-0.202102,-0.202102
0.968081,0.968081,-0.111332,-0.111332
0.989362,0.989362,-0.0308398,-0.0308398
